"","id","t","la","en","junqueira","page","tm2004","page.1","tm2009","page.2","buc1987","page.3","craiova2006","page.4"
"1",13459,"H3.11.03.6.01024","neuron corbiforme","Basket neuron","","","celulă cu coșuleț ; celulă în coșuleț","23 ; 24","neuron în coșuleț ; celulă în coșuleț","15","celulă în coșuleț","646, 649f","celulă cu coșuleț","170"
"2",13602,"H3.11.04.0.00001","pars peripherica ; systema nervosum periphericum","Peripheral nervous system","sistem nervos periferic","153, 153f, 170-174","sistem nervos periferic","13","sistem nervos periferic","31","","","",""
"3",10738,"H2.00.03.0.01005","adipocytus","Adipocyte","celulă adipoasă ; adipocit","102, 123, 124f","adipocit","46","adipocit","41, 116","","","",""
"4",13335,"H3.11.01.1.02002","arachnoidea mater","Arachnoid mater","arahnoidă","167, 168, 169f","arahnoidă","47","arahnoidă","28","","","",""
"5",11222,"H2.00.06.1.00026","telodendron","Terminal arborization","arborizație terminală ; ramificație terminală","476, 155","arborizație terminală","57","telodendrit","255","","","telodendron ; terminație axonală","142"
"6",12356,"H3.06.00.3.00002","a. interlobaris","Interlobar artery","arteră interlobară","385","arteră interlobară","179","arteră interlobară","81, 82","","","",""
"7",11346,"H2.00.06.2.01008","astrocytus","Astrocyte","astrocit","161, 162, 163f, 164f, 169f","astrocit","18, 45f","astrocit","20, 21, 22","","","",""
"8",12946,"H3.08.02.3.00003","astrocytus","Astrocyte","astrocit","417","astrocit","18, 45f","astrocit","20, 21, 22","","","",""
"9",11350,"H2.00.06.2.01011","astrocytus fibrosus","Fibrous astrocyte","astrocit fibros","161, 162f, 163f, 164f","astrocit fibrilar","20","","","astrocit fibros","576","",""
"10",11348,"H2.00.06.2.01010","astrocytus protoplasmicus","Protoplasmic astrocyte","astrocit protoplasmic","161, 162f, 163f","astrocit protoplasmatic","20","astrocit protoplasmatic","20","astrocit protoplasmatic","575","",""
"11",11197,"H2.00.06.1.00003","axolemma","Axolemma","axolemă","157","axolemă","67","axolemă","32","","","",""
"12",11194,"H2.00.06.0.00004","axolemma","Axolemma","axolemă","157","axolemă","67","axolemă","32","","","",""
"13",11214,"H2.00.06.1.00018","axon","Axon","axon","154f, 155, 155f, 157-158","axon ; cilindrax","56","axon","12","","","",""
"14",13312,"H3.11.01.0.00006","claustrum hematoencephalicum","Blood brain barrier","barieră hemato-encefalică","168","barieră hematoencefalică ; bariera sânge-creier","28","barieră hematoencefalică","29","barieră hematoencefalică","671, 672","",""
"15",11515,"H3.04.01.0.00002","cavitas oris","Oral cavity","cavitate orală ; cavitate bucală","282-287, 288f, 289f","cavitate orală ; cavitate bucală","221","cavitate bucală ; cavitate orală","102","","","",""
"16",10003,"H1.00.01.0.00001","cellula","Cell","celulă","22","celulă","17","celulă","19","","","",""
"17",13410,"H3.11.03.4.01020","neuron corbiforme ; neuron corbiferum","Basket cell","","","celulă cu coșuleț","37","neuron în coșuleț","20","celulă în coșuleț","659, 660f","celulă în coșuleț","164"
"18",10610,"H2.00.02.0.02006","endotheliocytus","Endothelial cell","celulă endotelială  ; celulă a endoteliului capilar","75, 75f, 206 ; 26","celulă endotelială","50","celulă endotelială","29, 30","","","",""
"19",11339,"H2.00.06.2.01002","ependymocytus","Ependymal cell","celulă ependimară","162, 162t","celulă ependimară","50","celulă ependimală ; celulă ependimară","29, 10","","","",""
"20",12922,"H3.08.02.2.00034","ependymocytus","Ependymal cell","celulă ependimară","162, 162t","celulă ependimară","50","celulă ependimală ; celulă ependimară","29, 10","","","",""
"21",10576,"H2.00.02.0.01001","epitheliocytus ; cellula epithelialis","Epithelial cell","celulă epitelială","66-75","celulă epitelială","50","celulă epitelială","56","","","",""
"22",10048,"H1.00.01.0.00040","cellula gigantea","Giant cell","celulă gigantă","95b, 97t, 98f","celulă gigantă","20","celulă gigantă","76","","","",""
"23",11308,"H2.00.06.2.00005","gliocytus","Glial cell body","celulă glială","153-154. 156f, 160-163, 162f, 162t, 163f","celulă glială","28","celulă glială","10","","","",""
"24",10052,"H1.00.01.0.00044","cellula pyramidalis","Pyramidal cell","celulă piramidală","154f","celulă piramidală","22","celulă piramidală","249","","","",""
"25",13503,"H3.11.03.6.01066","neuron pyramidale","Pyramidal cell","celulă piramidală","154f","celulă piramidală","22","neuron piramidal","12- 15","","","celulă piramidală","169"
"26",10032,"H1.00.01.0.00025","cellula primordialis","Primordial cell","celulă germinativă primordială","435","celulă primordială","17","celulă germinală primordială","222","","","",""
"27",10036,"H1.00.01.0.00029","cellula progenetrix","Progenitor cell","celulă progenitoare","238-240, 239f, 239t","celulă progenitoare","52","celulă progenitoare","53, 114","","","",""
"28",13405,"H3.11.03.4.01015","neuron purkinjense","Purkinje cell","celulă Purkinje","154f, 165, 166f, 219, 219f, 220f","celulă Purkinje","37","neuron Purkinje","19-22","celulă Purkinje","660","celulă Purkinje","164"
"29",14058,"H3.11.09.3.04082","gliocytus ganglionicus","Satellite cell","celulă satelită","174, 179","celulă satelită","52","","","","","",""
"30",11367,"H2.00.06.2.02002","gliocytus ganglionaris","Satellite cell; Satellite glial cell","celulă satelită","174, 179","celulă satelită ; nevroglie satelită","52 ; 20","","","","","celulă satelit neuronal ; celulă satelită","150 ; 157, 158"
"31",11370,"H2.00.06.2.02003","schwannocytus ; neurolemmocytus","Schwann cell; Neurolemmocyte","celulă Schwann","154f, 161, 162t, 170, 171f, 172, 175f","celulă Schwann","64","celulă Schwann","32","","","",""
"32",10406,"H1.00.02.2.00004","centriolum","Centriole","centriol","43, 46f, 47f","centriol","73","centriol","225","","","",""
"33",10218,"H1.00.01.3.01003","centriolum","Centriole","centriol","43, 46f, 47f","centriol","73","centriol","225","","","",""
"34",13389,"H3.11.03.4.00001","cerebellum","CEREBELLUM","cerebel","163, 165, 166f","cerebel","13","cerebel","19","","","",""
"35",10249,"H1.00.01.3.01032","cisterna","Cistern","cisternă","33, 33f","cisternă","58","cisternă","149","","","",""
"36",10006,"H1.00.01.0.00004","cytoplasma","Cytoplasm","citoplasmă","22-50","citoplasmă","54","citoplasmă","32","","","",""
"37",10353,"H1.00.01.3.02001","cytoskeleton","Cytoskeleton","citoschelet","23, 42-50","citoschelet","66","citoschelet","233","","","",""
"38",13663,"H3.11.06.0.00009","corpusculum lamellosum","Lamellar corpuscle","corpuscul Pacini ; corpuscul Vater-Pacini","368, 368f","corpuscul tactil Pacini","46","corpuscul Vater-Pacini","100, 246","","","",""
"39",13391,"H3.11.03.4.01001","cortex cerebelli","Cerebellar cortex","cortex cerebelos","163, 165, 166f","cortex cerebelos","18","cortex cerebelos","19","","","",""
"40",13436,"H3.11.03.6.01001","cortex cerebri","Cerebral cortex","cortex cerebral","163, 165, 165f","cortex cerebral ; scoarță cerebrală","14 ; 20","cortex cerebral ; scoarță cerebrală","15 ; 12","","","",""
"41",14080,"H3.12.00.1.01013","macula adhaerens ; desmosoma","Macula adherens; Desmosome","macula adherens ; desmozom","361, 363f","desmozom","46","desmozom ; joncțiune desmozomală","74 ; 58","desmozom în spot ; macula adherens ; desmozom în pată","230, 231 ; 230, 231 ;232f, 233","desmozom ; macula adherens","25, 34"
"42",11653,"H3.04.01.0.02001","dens","Tooth","dinte","283-287, 285f, 286f, 287f, 288f, 289f","dinte","219","dinte","107","","","",""
"43",13326,"H3.11.01.1.01001","pachymeninx ; dura mater","Pachymeninx; Dura mater","dura mater","167, 169f","dura mater ; pahimeninge","46","dura mater ; pachimeninge","28","","","",""
"44",12916,"H3.08.02.2.00028","eminentia mediana","Median eminence","eminență mediană","392, 393f, 394f, 398f","eminență mediană","52","eminență mediană","30","","","",""
"45",13611,"H3.11.04.0.00010","endoneurium","Endoneurium","endonerv","173, 175f, 176f","endonerv","18","endonerv","36","","","",""
"46",10607,"H2.00.02.0.02003","endothelium","Endothelium","endoteliu","75, 75f","endoteliu","28","endoteliu","30","","","",""
"47",10980,"H2.00.04.1.02017","granulocytus acidophilus ; eosinophilus","Eosinophilic granulocyte; Eosinophil","eozinofil","35f, 224t, 226, 227f, 229-230, 230f, 231f","eozinofil","51","eozinofil ; granulocit eozinofil","131","","","",""
"48",13615,"H3.11.04.0.00014","epineurium","Epineurium","epinerv","172, 175f, 176f","epinerv","53","epinerv","37","","","",""
"49",10606,"H2.00.02.0.02002","epithelium simplex squamosum","Simple squamous epithelium","epiteliu simplu pavimentos ; epiteliu unistratificat pavimentos ; epiteliu simplu scuamos ; epiteliu unistratificat scuamos","73t, 74f, 75, 75f","epiteliu simplu scuamos","46","epiteliu simplu scuamos","28","","","epiteliu simplu pavimentos","31"
"50",11874,"H3.04.02.1.00001","oesophagus","OESOPHAGUS","esofag","287-288, 290f","esofag","220","esofag","120","","","",""
"51",10762,"H2.00.03.0.03002","fasciculus collageni","Collagen fascicle; Collagen bundle","fascicul de colagen","104, 105f, 108f, 109f","fascicul de colagen","46","fascicul colagen","78","","","",""
"52",10763,"H2.00.03.0.03003","fibra collageni","Collagen fibre","fibră de colagen","91, 102-14, 103t, 104f, 105f","fibră de colagen ; fibră colagenă","62 ; 47","fibră de colagen ; fibră colagenă","36, 42","","","fibră de colagen ; fibră colagenă","49"
"53",10769,"H2.00.03.0.03008","fibra elastica","Elastic fibre","fibră elastică","102, 109f, 111f, 112, 119-120","fibră elastică","47","fibră elastică","42","","","",""
"54",11210,"H2.00.06.1.00015","neurofibra afferens","Afferent nerve fibre","fibră nervoasă aferentă","173","fibră nervoasă aferentă","53","fibră nervoasă aferentă","13","","","",""
"55",12924,"H3.08.02.2.00036","neurofibra non myelinata","Nonmyelinated nerve fibre","fibră nervoasă nemielinizată","170, 170f, 171f, 172, 172f","fibră nervoasă amielinică","17","fibră nervoasă amielinică","31","","","fibră nervoasă amielinică","147"
"56",12948,"H3.08.02.3.00005","neurofibra non myelinata","Nonmyelinated nerve fibre","fibră nervoasă nemielinizată","170, 170f, 171f, 172, 172f","fibră nervoasă amielinică","17","fibră nervoasă amielinică","31","","","fibră nervoasă amielinică","147"
"57",11211,"H2.00.06.1.00016","neurofibra efferens","Efferent nerve fibre","fibră nervoasă eferentă","173","fibră nervoasă eferentă","53","fibră nervoasă eferentă","22","","","",""
"58",10735,"H2.00.03.0.01002","fibroblastus","Fibroblast","fibroblast","91-93, 93f, 94f, 95f","fibroblast","46","fibroblast","36","","","",""
"59",12831,"H3.07.02.8.00014","fibroblastus","Fibroblast","fibroblast","91-93, 93f, 94f, 95f","fibroblast","46","fibroblast","36","","","",""
"60",12000,"H3.04.05.0.00001","hepar","Liver","ficat","323-336, 325f, 326-327f","ficat","219","ficat","144","","","",""
"61",10365,"H1.00.01.3.02013","microfilamentum ; filamentum actini","Microfilament; Actin filament","filament de actină ; microfilament de actină","44-45, 44f, 47f","filament de actină","58","filament actinic ; filament de actină ; microfilament de actină","32, 74","","","filament de actină ; microfilament de actină","24"
"62",13672,"H3.11.06.0.00018","fusus neuromuscularis","Muscle spindle","fus muscular","195, 195f","fus neuro-muscular","42","fus neuromuscular ; fus muscular","24 ; 35","fus neuromuscular","490-492","fus neuromuscular","126"
"63",13618,"H3.11.04.0.00017","ganglion","Ganglion","ganglion","153, 153f, 170, 174, 177f","ganglion","52","ganglion","31","","","ganglion","155"
"64",13626,"H3.11.04.0.00025","ganglion autonomicum","Autonomic ganglion","ganglion autonom","153f, 174","ganglion vegetativ ; ganglion autonom","53","ganglion autonom","9","","","ganglion autonom ; ganglion vegetativ","155, 157"
"65",12944,"H3.08.02.3.00001","glandula pinealis ; corpus pineale","PINEAL GLAND; PINEAL BODY","glandă pineală ; epifiză cerebrală ; corp pineal","417","glandă pineală ; epifiză","29 ; 52","glandă pineală ; epifiză","176","","","",""
"66",12914,"H3.08.02.2.00026","infundibulum","Infundibulum","infundibul ; peduncul neural","392, 393f, 394f","infundibul","52","infundibul","166","","","",""
"67",10129,"H1.00.01.1.02024","nexus ; macula communicans ; synapsis non vesicularis ; synapsis electrica","Gap junction; Nonvesicular synapse; Electrical synapse","joncțiune de comunicare ; joncțiune gap ; nexus","27, 68f, 69-70, 71f","joncțiune gap","46","joncțiune gap","42","joncțiune de tip gap ; macula communicans ; nexus ; joncțiune gap","230, 239 ; 230, 239 ; 239 ; 240, 241f","nexus ; joncțiune comunicantă ; joncțiune gap","26"
"68",10112,"H1.00.01.1.02007","junctio occludens ; zonula occludens","Tight junction; Occluding junction","joncțiune de ocluzie ; joncțiune strânsă ; joncțiune ocluzivă","68f, 69, 69f, 70f","joncțiune ocluzivă","62","joncțiune strânsă","29","joncțiune strânsă ; zonula ocludens","230, 234","joncțiune ocludentă ; zonula ocludens","24"
"69",12628,"H3.07.02.1.00021","zonula occludens","Tight junction; Zonula occludens","joncțiune de ocluzie ; joncțiune strânsă ; joncțiune  ocluzivă","68f, 69, 69f, 70f","joncțiune ocluzivă","28","joncțiune strânsă","29","joncțiune strânsă ; zonula ocludens","230, 234","joncțiune ocludentă ; zonula ocludens","24"
"70",11766,"H3.04.01.0.03001","lingua","Tongue","limbă","282-283, 283f, 284f","limbă","221","limbă","101","","","",""
"71",10957,"H2.00.04.1.02002","lymphocytus","Lymphocyte","limfocit","226, 227f, 232-233, 233f, 234f, 257-258, 257f","limfocit","51","limfocit","54","","","",""
"72",10742,"H2.00.03.0.01007","macrophagocytus","Macrophage","macrofag","27, 93-96, 95f, 96f, 97t, 249","macrofag","48","macrofag","54","","","",""
"73",13368,"H3.11.02.0.00001","medulla spinalis","Spinal cord","măduva spinării","153, 153f, 163, 165, 167f, 168f","măduva spinării","13","măduva spinării","23","","","",""
"74",10747,"H2.00.03.0.01010","mastocytus","Mast cell; Mastocyte","mastocit","97-99, 99f, 103f","mastocit","62","mastocit","36","","","",""
"75",10754,"H2.00.03.0.02001","matrix extracellularis","Extracellular matrix","matrice extracelulară","66, 66t, 91, 115, 117f","matrice extracelulară","58","matrice extracelulară","36","","","",""
"76",10753,"H2.00.03.0.01016","melanocytus","Melanocyte","melanocit","360, 363-365, 364f, 365f","melanocit","48, 52","melanocit","62, 239","","","",""
"77",13746,"H3.11.08.2.03009","melanocytus","Melanocyte","melanocit","461","melanocit","52","melanocit","62, 239","","","",""
"78",14091,"H3.12.00.1.01024","melanocytus","Melanocyte","melanocit","360, 363-365, 364f, 365f","melanocit","52","melanocit","62, 239","","","",""
"79",14146,"H3.12.00.3.01024","melanocytus follicularis","Melanocyte","melanocit","369f, 370","melanocit","457","melanocit","243","","","",""
"80",10532,"H2.00.00.0.00005","membrana basalis","Basement membrane","membrană bazală","67f, 68, 68f","membrană bazală","28","membrană bazală","47","","","",""
"81",13325,"H3.11.01.1.00001","meninges","MENINGES","meninge","91, 167-168, 169f","meninge","13","meninge","28","","","",""
"82",11378,"H2.00.06.2.03004","mesaxon","Mesaxon","mezaxon","171f, 173f","mezaxon","65","mezaxon","33","","","",""
"83",10354,"H1.00.01.3.02002","microtubulus","Microtubule","microtubul","42-44, 43f, 44f, 45f, 46f","microtubul","73","microtubul","40","","","",""
"84",10078,"H1.00.01.1.01011","microvillus","Microvillus","microvil","68f, 69f, 70, 72f","microvil","50","microvil","87","","","",""
"85",10223,"H1.00.01.3.01008","mitochondrion","Mitochondrion","mitocondrie","29-30, 31f, 32f","mitocondrie","50","mitocondrie","29","","","",""
"86",10970,"H2.00.04.1.02010","monocytus","Monocyte","monocit","93, 97t, 224t, 226, 227f, 233, 235f","monocit","51","monocit","75","","","",""
"87",11881,"H3.04.02.1.00008","lamina muscularis mucosae","Lamina muscularis of mucosa","musculara mucoasei","281, 282f","musculara mucoasei","220","musculara mucoasei","102","","","",""
"88",11913,"H3.04.02.1.00040","lamina muscularis mucosae","Muscularis mucosae","musculara mucoasei","290, 291f, 298","musculara mucoasei","220","musculara mucoasei","102","","","",""
"89",11941,"H3.04.03.0.00018","lamina muscularis mucosae","Muscularis mucosae","musculara mucoasei","306f, 309, 310f, 312f","musculara mucoasei","220","musculara mucoasei","102","","","",""
"90",11968,"H3.04.04.0.00011","lamina muscularis mucosae","Muscularis mucosae","musculara mucoasei","311, 313f","musculara mucoasei","220","musculara mucoasei","102","","","",""
"91",13603,"H3.11.04.0.00002","nervus","Nerve","nerv","170, 172-173, 175f, 176f, 177f","nerv","52","nerv","12","","","",""
"92",11201,"H2.00.06.1.00007","neurofibrilla","Neurofibril","neurofibrilă","157","neurofibrilă","22","neurofibrilă","39","","","",""
"93",10249,"H1.00.01.3.01032","neurofilamentum","Neurofilament","neurofilament","45t, 47, 157","neurofilament","58","neurofilament","32","","","",""
"94",11195,"H2.00.06.1.00001","neuron","NEURON","neuron","153, 153f, 154f, 155-156, 155f, 156f","neuron","22","neuron","8","","","",""
"95",11249,"H2.00.06.1.00050","neuron bipolare","Bipolar neuron","neuron bipolar","154f, 155, 155f","neuron bipolar","55","neuron bipolar","11","","","",""
"96",11254,"H2.00.06.1.00054","motoneuron ; neuron motorium","Motor neuron","neuron motor ; neuron eferent","153f, 154f, 156, 157, 175f","neuron motor ; motoneuron","54 ; 64","neuron motor ; motoneuron","23","","","neuron motor ; motoneuron","124"
"97",11250,"H2.00.06.1.00051","neuron multipolare","Multipolar neuron","neuron multipolar","154f, 155, 155f","neuron multipolar","33","neuron multipolar","24","","","",""
"98",11310,"H2.00.06.2.00006","neurotransmittens","Neurotransmitter","neurotransmițător","158f, 159, 160","neurotransmițător","21","neurotransmițător","17","","","",""
"99",10973,"H2.00.04.1.02012","granulocytus neutrophilus ; neutrophilus ; granulocytus neutrophilus segmentonuclearis","Neutrophilic granulocyte; Neutrophil; Segmented neutrophilic granulocyte","neutrofil ; leucocit neutrofil","228, 228-229b ; 55","neutrofil","51","granulocit neutrofil ; neutrofil","125, 134","","","leucocit granulocitar neutrofil ; granulocit neutrofil ; granulocit neutrofil segmentat ; neutrofil ; polimorfonuclear neutrofil","19 ; 95 ; 96 ; 104 ; 104"
"100",10205,"H1.00.01.2.03001","nucleolus","Nucleolus","nucleol","52f, 56, 56b, 57f","nucleol","53","nucleol","55","","","",""
"101",10005,"H1.00.01.0.00003","nucleus","Nucleus","nucleu","22, 51-65, 51f, 52f","nucleu","43","nucleu","11","","","",""
"102",11714,"H3.04.01.0.02062","dentinoblastus ; odontoblastus","Odontoblast","odontoblast","284, 285f, 286f, 288f","odontoblast","52","odontoblast","108","","","",""
"103",11357,"H2.00.06.2.01018","oligodendrocytus","Oligodendrocyte","oligodendrocit","154f, 161, 162f, 162t, 163f, 164f","oligodendrocit ; oligodendroglie","64 ; 18","oligodendrocit","20","","","",""
"104",11546,"H3.04.01.0.00026","palatum","Palate","palat","282","palat","221","palat","102","","","",""
"105",12061,"H3.04.07.0.00001","pancreas","Pancreas","pancreas","321-323, 321f, 322f, 323f, 324f","pancreas","219","pancreas","157","","","",""
"106",10529,"H2.00.00.0.00002","parenchyma","Parenchyma","parenchim","66","parenchim","50","parenchim","56","","","",""
"107",11198,"H2.00.06.1.00004","perikaryon ; neurosoma ; soma ; corpus neuronis","Nerve cell body","pericarion ; corp neuronal ; corp celular","154f, 155, 156-157, 157f","pericarion ; corp neuronal","23 ; 55","pericarion ; corp neuronal","32","","","corp al neuronului ; corp neuronal ; perikarion ; soma","140"
"108",13109,"H3.09.02.0.02006","pericytus","Pericyte","pericit","205, 212-213, 212f, 215","pericit","63","pericit","48","","","",""
"109",13612,"H3.11.04.0.00011","perineurium","Perineurium","perinerv","172, 175f, 176f","perinerv","62","perinerv","36","","","",""
"110",10863,"H2.00.03.7.00018","periosteum","Periosteum","periost","134, 137, 138f","periost","46","periost","28","","","",""
"111",13354,"H3.11.01.1.02021","pia mater","Pia mater","pia mater","167, 168, 169f","pia mater","47","piamater","28","","","pia mater","174"
"112",10310,"H1.00.01.3.01088","pinocytosis","Pinocytosis","pinocitoză","82","pinocitoză","28","pinocitoză","45","","","",""
"113",11000,"H2.00.04.2.00001","plasma","PLASMA","plasmă","223, 223f","plasmă","51","plasmă","39","","","",""
"114",10017,"H1.00.01.0.00011","plasmalemma ; membrana cellularis","Plasmalemma; Cell membrane; Plasma membrane","membrană plasmatică ; plasmalemă ; membrană celulară","22-23, 22f, 23-27","plasmalemă ; membrană plasmatică","66 ; 50","plasmalemă","87","","","plasmalemă ; membrană celulară ; membrană plasmatică","24 ; 24, 27 ; 28"
"115",13361,"H3.11.01.1.02028","plexus choroideus","Choroid plexus","plex coroidian","160, 170f","plex coroid","45f","plex coroid","28","plex coroid","678","plex coroid","174"
"116",10263,"H1.00.01.3.01045","polyribosoma","Polyribosome; Polysome","poliribozom ; polizom","31, 33f","poliribozom","66","","","poliribozom ; polizom","108, 109","",""
"117",11282,"H2.00.06.1.01007","receptor","Receptor","receptor","24","receptor","58","receptor","8","","","",""
"118",10244,"H1.00.01.3.01027","reticulum endoplasmicum","Endoplasmic reticulum","reticul endoplasmic","35, 173, 175f, 176f","reticul endoplasmic","50","reticul endoplasmic","32","","","",""
"119",10256,"H1.00.01.3.01038","reticulum endoplasmicum non granulosum","Smooth endoplasmic reticulum","reticul endoplasmic neted","33f, 34-35, 35f","reticul endoplasmic neted","58","reticul endoplasmic neted","32","","","",""
"120",10254,"H1.00.01.3.01036","reticulum endoplasmicum granulosum","Rough endoplasmic reticulum","reticul endoplasmic rugos","32f, 33-34, 33f, 34f, 35f","reticul endoplasmic rugos","50","reticul endoplasmic rugos","32","","","",""
"121",11300,"H2.00.06.2.00001","synapsis","SYNAPSE","sinapsă","27, 154f, 155, 156f, 158-160, 158f, 159f","sinapsă","56","sinapsă","13","","","",""
"122",11272,"H2.00.06.1.01003","synapsis axodendritica","Axodendritic synapse","sinapsă axodendritică","159, 159f","sinapsă axodendritică","56","","","","","",""
"123",11276,"H2.00.06.1.01004","synapsis axosomatica","Axosomatic synapse","sinapsă axosomatică","159, 159f","sinapsă axosomatică","56","sinapsă axosomatică","15","","","",""
"124",13306,"H3.11.00.0.00001","systema nervosum","Nervous system","sistem nervos","153-181, 153f","sistem nervos","13","sistem nervos","8","","","",""
"125",13307,"H3.11.01.0.00001","pars centralis ; systema nervosum centrale","Central nervous system","sistem nervos central","153, 153f, 163-167","sistem nervos central ; nevrax","13 ; 57","sistem nervos central","8","","","",""
"126",12089,"H3.05.00.0.00001","systema respiratorium","Respiratory system","sistem respirator","340-359, 340f","sistem respirator","14","sistem respirator","67","","","",""
"127",12233,"H3.06.00.0.00001","systema urinarium","Urinary system","sistem urinar","373-391","sistem urinar","14","sistem urinar","79","","","",""
"128",13337,"H3.11.01.1.02004","spatium subarachnoideum ; spatium leptomeningeum","Subarachnoid space; Leptomeningeal space","spațiu subarahnoidian","167, 169f","spațiu subarahnoidian","47","spațiu subarahnoidian","28","","","",""
"129",11235,"H2.00.06.1.00036","gemmula dendritica","Dendritic spine","spin dendritic","157","spin ; specializare postsinaptică","22","spin dendritic","20","","","spin dendritic","141"
"130",11390,"H2.00.06.2.03016","nodus interruptionis myelini","Myelin sheath gap","nod Ranvier","154f, 171, 171f, 174f","strangulație Ranvier ; nod Ranvier","65 ; 68","nod Ranvier ; zonă de discontinuitate a tecii de mielină","32","","","nod Ranvier","145"
"131",13392,"H3.11.03.4.01002","stratum granulosum","Granular layer","strat granular","165, 166f","strat granular","38","strat granular","21","","","",""
"132",13406,"H3.11.03.4.01016","stratum moleculare","Molecular layer","strat molecular","165,166f","strat molecular","36","strat molecular","21","","","",""
"133",10530,"H2.00.00.0.00003","stroma","Stroma","stromă","66, 91","stromă","51","stromă","46","","","",""
"134",13309,"H3.11.01.0.00003","substantia alba","White matter; White substance","substanță albă","165, 165f, 166f","substanță albă","18","substanță albă","12","","","",""
"135",13308,"H3.11.01.0.00002","substantia grisea","Grey matter; Grey substance","substanță cenușie","165, 165f, 167f, 168f","substanță cenușie","18","substanță cenușie","12","","","",""
"136",11382,"H2.00.06.2.03008","stratum myelini","Myelin sheath","teacă de mielină","154f, 164f, 170, 171f, 175f","teacă de mielină","83","teacă de mielină","32","","","",""
"137",14090,"H3.12.00.1.01023","terminatio neuralis","Nerve ending","terminație nervoasă","170","terminație nervoasă","13","terminație nervoasă","246","","","",""
"138",11269,"H2.00.06.1.01001","terminationes neurales","Nerve endings","terminații nervoase","170","terminații nervoase","46","terminații nervoase","246","","","",""
"139",10800,"H2.00.03.4.00001","textus adiposus","ADIPOSE TISSUE","țesut adipos","118f, 123-127, 126f","țesut adipos","48","țesut adipos","28","","","",""
"140",10785,"H2.00.03.1.00003","textus connectivus compactus","Dense connective tissue","țesut conjunctiv dens","119, 120f","țesut conjunctiv dens","46","țesut conjunctiv dens","28","","","",""
"141",11720,"H3.04.01.0.02068","textus connectivus compactus","Dense connective tissue","țesut conjunctiv dens","119, 120f","țesut conjunctiv dens","48","țesut conjunctiv dens","28","","","",""
"142",10784,"H2.00.03.1.00002","textus connectivus laxus","Loose connective tissue","țesut conjunctiv lax","118-119, 118f, 119f","țesut conjunctiv lax","46","țesut conjunctiv lax","28","","","",""
"143",12721,"H3.07.02.10.00004","textus muscularis levis","Smooth muscular tissue","țesut muscular neted","182, 182f, 198-202, 202f, 203f, 204f","țesut muscular neted","56","țesut muscular neted","10","","","",""
"144",11193,"H2.00.06.0.00001","textus nervosus","Nerve tissue","țesut nervos","66, 66t, 153-181","țesut nervos","13","țesut nervos","8","","","",""
"145",10839,"H2.00.03.7.00001","textus osseus","BONE TISSUE; OSSEOUS TISSUE","țesut osos","18f, 138, 138f, 139f, 140, 140f, 141f","țesut osos","48","țesut osos","52","","","",""
"146",10317,"H1.00.01.3.01095","vesicula pinocytotica ; pinosoma","Pinocytotic vesicle; Pinosome","veziculă de pinocitoză","26, 27f, 82","veziculă de pinocitoză","62","veziculă de pinocitoză","45","pinozom","124","",""
"147",13342,"H3.11.01.1.02009","villus arachnoideus","Arachnoid villus","vilozitate arahnoidiană","168","vilozitate arahnoidiană","50","vil arahnoidian","28","vil arahnoidian","670","vil arahnoidian","174"
"148",10120,"H1.00.01.1.02015","desmosoma ; macula adhaerens","Desmosome; Macula adherens; Spot desmosome","desmozom ; macula adherens ; joncțiune desmozomică","68f, 69f, 70","desmozom","46","desmozom ; joncțiune desmozomală","74 ; 58","desmozom în spot ; macula adherens ; desmozom în pată","230, 231 ; 230, 231 ;232f, 233","desmozom ; macula adherens","25, 34"
"149",10228,"H1.00.01.3.01013","myofilamentum tenue ; filamentum actini","Thin myofilament; Actin filament","filament de actină ; filament subțire","44-45, 44f, 47f","filament de actină","58","filament actinic ; filament de actină","32, 74","","","filament de actină ; filament subțire de actină ; filament subțire ; miofilament de actină","24 ; 118 ; 119 ; 128"
"150",10571,"H2.00.01.3.01013","myofilamentum tenue ; filamentum actini","Thin myofilament; Actin myofilament","filament de actină ; filament subțire ; microfilament de actină","44-45, 44f, 47f","filament de actină","58","filament actinic ; filament de actină ; microfilament de actină","32, 74","","","filament de actină ; filament subțire de actină ; filament subțire ; miofilament de actină","24 ; 118 ; 119 ; 128"
"151",11168,"H2.00.05.2.02007","macula adhaerens ; desmosoma","Desmosome; Macula adherens","desmozom ; macula adherens","197, 199f, 200f","desmozom","46","desmozom ; joncțiune desmozomală","74 ; 58","desmozom în spot ; macula adherens ; desmozom în pată","230, 231 ; 230, 231 ;232f, 233","desmozom ; macula adherens","25, 129"
"152",12213,"H3.05.02.0.00035","fibra collageni","Collagen fibre","fibră de colagen","91, 102-14, 103t, 104f, 105f","fibră de colagen ; fibră colagenă","62 ; 47","fibră de colagen ; fibră colagenă","36, 42","","","fibră de colagen ; fibră colagenă","49"
"153",10570,"H2.00.01.1.02024","nexus ; macula communicans ; synapsis non vesicularis ; synapsis electrica","Gap junction; Nonvesicular synapse; Electrical synapse","joncțiune de comunicare ; joncțiune gap ; nexus","27, 68f, 69-70, 71f","joncțiune gap","46","joncțiune gap","42","joncțiune de tip gap ; macula communicans ; nexus ; joncțiune gap","230, 239 ; 230, 239 ; 239 ; 240, 241f","nexus ; joncțiune comunicantă ; joncțiune gap","26"
"154",10817,"H2.00.03.5.00013","fibra collageni","Collagen fibre","fibră de colagen","91, 102-14, 103t, 104f, 105f","fibră de colagen ; fibră colagenă","62 ; 47","fibră de colagen ; fibră colagenă","36, 42","","","fibră de colagen ; fibră colagenă","49"
"155",11725,"H3.04.01.0.02073","ligamentum periodontale","Periodontal ligament","ligament periodontal","107b, 186b, 284, 285f, 286, 289f","membrană periodontală ; ligament periodontal","229 ; 233","membrană periodontală ; ligament periodontal","107 ; 110","","","",""
"156",12945,"H3.08.02.3.00002","pinealocytus ; endocrinocytus pinealis","Pinealocyte","pinealocit","417","pinealocit","347","pinealocit","176","","","",""
"157",12967,"H3.08.02.5.00003","parathyrocytus endocrinus lucidus","Pale principal cell","celulă paratiroidiană principală ; celulă principală","415, 416f","celulă epitelială endocrină principală ; celulă principală ; celulă cromofobă","355","celulă epitelială endocrină principală ; celulă principală ; celulă cromofobă","182","","","",""
"158",12969,"H3.08.02.5.00005","parathyrocytus oxyphilicus","Parathyroid oxyphil cell","celulă paratiroidiană oxifilă ; celulă oxifilă","415, 416f","celulă epitelială endocrină oxifilă ; celulă oxifilă ; celulă acidofilă","355","celulă epitelială endocrină oxifilă ; celulă oxifilă ; celulă acidofilă","182","","","",""
"159",13290,"H3.10.03.0.05012","nodulus lymphoideus splenicus","Splenic lymphoid nodule","folicul limfoid splenic","274","folicul limfoid splenic","138, 139","","","","","",""
"160",13494,"H3.11.03.6.01059","neuron corbiforme ; neuron corbiferum","Basket cell","","","celulă cu coșuleț ; celulă în coșuleț","23 ; 24","celulă în coșuleț ; neuron în coșuleț","15","celulă în coșuleț","646, 649f","celulă cu coșuleț","170"
"161",11083,"H2.00.05.0.00002","myocytus","Muscle cell; Myocyte","celulă musculară","191f, 196, 197","celulă musculară","14","","","","","celulă musculară ; miocit","115 ; 115, 129, 130, 134"
"162",11299,"H2.00.06.2.00001","neuroglia","NEUROGLIA","celule neurogliale ; celule gliale ; nevroglii","153-154, 160-163, 162f, 162t, 163f","celule nevroglice ; celule gliale ; nevroglii","14 ; 36 ; 44","celule gliale ; nevroglii","10 ; 256","","","celule nevroglice ; celule gliale ; nevroglii ; neuroglii","150"
"163",13376,"H3.11.03.0.00001","encephalon","Brain","creier","153, 153f","creier","16","creier","12","","","creier ; encefal","158"
"164",11204,"H2.00.06.1.00010","neurofibra","Nerve fibre","fibră nervoasă","53, 170-172, 170f, 171f, 172f, 173f, 174f","fibră nervoasă","53","fibră nervoasă","33","","","fibră nervoasă","143"
"165",13620,"H3.11.04.0.00019","ganglion sensorium","Sensory ganglion","ganglion senzitiv","153f, 174, 175f, 177f","ganglion cerebro-spinal ; ganglion senzitivo-senzorial ; ganglion aferent","53","ganglion senzitiv ; ganglion senzorial","9 ; 31","","","ganglion cerebrospinal ; ganglion senzitiv","155"
"166",11602,"H3.04.01.0.01001","glandulae salivariae ; glandulae oris","Salivary glands; Glands of mouth","glande salivare","317-321, 318f, 319f, 329f, 321f","glande salivare","219","glande salivare","103","","","",""
"167",10344,"H1.00.01.3.01121","granulum glycogeni","Glycogen granule","depozit de glicogen","47, 49f","granulă de glicogen","67","incluziune de glicogen ; granulă de glicogen ; depozit de glicogen ; vacuolă de glicogen","40, 173 ; 42, 256 ; 177 ; 239","incluziune de glicogen","101, 102","incluzie de glicogen","65, 110, 111"
"168",11389,"H2.00.06.2.03015","incisura myelini","Myelin cleft; Myelin incisure","fantă Schmidt-Lanterman","174f","incizură Schmidt-Lanterman","70","incizură Schmidt-Lanterman","33","incizură Schmidt-Lanterman","586","incizură Schmidt-Lantermann","145, 147"
"169",13313,"H3.11.01.0.00007","claustrum hematoliquorosum","Blood cerebrospinal fluid barrier","","","","","barieră sânge-lichid cerebrospinal","30","barieră sânge-lichid cerebro-spinal ; barieră sânge-lichid cerebrospinal","678","",""
"170",13694,"H3.11.08.1.01005","melanocytus","Melanocyte","melanocit","458f, 459","melanocit","48, 52","","","","","",""
"171",11209,"H2.00.06.1.00014","neurofibra sensoria","Sensory nerve fibre","fibră nervoasă senzitivă","172, 173","fibră nervoasă senzitivă","54","","","","","",""
"172",11260,"H2.00.06.1.00058","interneuron ; neuron internuntiale","Interneuron; Internuncial neuron","interneuron","156","neuron de asociație ; interneuron ; neuron intermediar","23","interneuron ; neuron de asociație","12 ; 21","","","neuron de asociație ; neuron intercalar ; interneuron","139"
"173",12414,"H3.07.00.0.00001","systemata genitalia","Genital systems","sisteme genitale ; sisteme reproductive","435","sisteme genitale","14","sisteme genitale","188","","","",""
"174",13610,"H3.11.04.0.00009","plexus neuralis autonomicus","Autonomic neural plexus","plex nervos autonom ; plex nervos vegetativ","174, 281","","","plex nervos autonom","38, 39","","","plex autonom","168"
"175",11821,"H3.04.02.0.00001","canalis digestorius ; canalis oesophagogastrointestinalis","Alimentary canal","tract digestiv ; tract gastrointestinal","281-316","tub digestiv ; canal alimentar","219","tub digestiv ; canal alimentar ; tract alimentar","101","","","canal alimentar ; tract digestiv ; tub digestiv","21 ; 19 ; 30, 32, 39"
"176",12983,"H3.08.02.6.00014","medulla","Medulla","medulară ; glandă medulosuprarenală ; medulosuprarenală","400, 401f, 406-407, 406f","medulară ; medulosuprarenală","360","","","","","",""
"177",12450,"H3.07.01.1.00026","antrum folliculare","Follicular antrum","antru folicular","208","cavitate antrală ; cavitate foliculară","374","","","","","",""
"178",12462,"H3.07.01.1.00036","stigma folliculare","Follicular stigma","stigmat folicular ; stigmă","439 ; 498","stigmă foliculară","374, 375","stigmă foliculară","192","","","",""
"179",12485,"H3.07.01.1.00059","corpus polare primum ; polocytus primus","First polar body; First polocyte","prim globul polar ; prim corp polar","439 ; 481","prim globul polar","374","","","","","",""
"180",12808,"H3.07.02.6.00009","stroma","Stroma","stromă","66, 91","","","stromă","231","","","",""
"181",12836,"H3.07.02.8.00019","tunica albuginea corporis spongiosi","Tunica albuginea of corpus spongiosum","tunică albuginee a corpului spongios","433, 433f","","","albuginee a corpului spongios","235, 236","","","",""
"182",12974,"H3.08.02.6.00005","cortex","Cortex","corticală ; glandă corticosuprarenală ; corticosuprarenală","400-405, 401f, 402t, 403f, 404f","corticală ; corticosuprarenală","357, 358","","","","","",""
"183",13180,"H3.10.01.0.00003","cellula dendritica nodularis","Nodular dendritic cell","celulă dendritică foliculară","263, 265f","","","celulă dendritică foliculară","55","","","",""
"184",13264,"H3.10.03.0.04013","sinus internodularis","Internodular sinus","sinus intermediar ; sinus radial","270f, 271","","","sinus cortical ; sinus intermediar","60","","","",""
"185",13661,"H3.11.06.0.00007","corpusculum ovoideum ; corpusculum tactile","Tactile corpuscle","corpuscul Meissner","368, 368f","","","corpuscul Meissner","216","","","",""
"186",13609,"H3.11.04.0.00008","neurofibra postganglionica","Postganglionic nerve fibre","fibră nervoasă postganglionară","178, 178f, 179","fibră nervoasă postganglionară","56","","","","","",""
"187",13608,"H3.11.04.0.00007","neurofibra preganglionica","Preganglionic nerve fibre","fibră nervoasă preganglionară","176, 178, 178f, 179","fibră nervoasă preganglionară","55","","","","","",""
"188",10302,"H1.00.01.3.01080","vesicula secretoria ; granulum secretorium ; vacuola secretoria","Secretory vacuole vesicle; Secretory granule; Secretory","veziculă secretorie ; granulă secretorie","40, 42, 47","granulă de secreție","50","granulă de secreție ; granulă secretorie ; vacuolă cu produși de secreție","68 ; 73, 85, 108 ; 199","","","granulă secretorie ; granulă de secreție ; veziculă secretorie","35, 129 ; 37, 141 ; 53f"
"189",10348,"H1.00.01.3.01125","gutta adipis","Fat inclusion; Fat globule","incluziune lipidică","47","incluziune lipidică","54","","","","","",""
"190",10014,"H1.00.01.0.00008","cytosol   ; matrix cytoplasmica","Cytosol","citosol ; matrice citoplasmatică","23, 48-50","","","citosol","252","","","citosol","142, 143"
"191",10015,"H1.00.01.0.00009","organella ; organula","Organelles","organite","23","","","organite","20","","","organite","17, 42"
"192",10050,"H1.00.01.0.00042","cellula polyhedralis","Polyhedral cell","celulă poliedrică","66","","","celulă poliedrică","182","","","celulă poliedrică","22"
"193",10054,"H1.00.01.0.00046","cellula squamosa ; cellula plana","Squamous cell; Pavement cell","celulă scuamoasă ; celulă pavimentoasă ; celulă aplatizată","66, 73b","","","celulă scuamoasă","61","","","celulă pavimentoasă ; celulă turtită ; celulă scuamoasă","22 ; 22 ; 33"
"194",10057,"H1.00.01.1.00002","glycocalyx","Glycocalyx","glicocalix","23f, 25, 70, 72f","","","glicocalix","30","","","",""
"195",10084,"H1.00.01.1.01013","stereocilium","Stereocilium","stereocil","71","","","stereocil","228","","","",""
"196",10085,"H1.00.01.1.01014","cilium","Cilium","cil","43-44, 45f, 46f, 71, 73f","","","cil","29","","","",""
"197",10090,"H1.00.01.1.01019","( microtubulus centralis )","(Central microbutule)","( microtubul central )","44, 73f","","","( microtubul central )","32","","","",""
"198",10104,"H1.00.01.1.01032","flagellum","Flagellum","flagel","42-44, 75","","","flagel","224","","","",""
"199",10106,"H1.00.01.1.02001","junctiones intercellulares","Intercellular junctions","joncțiuni intercelulare","27, 68f, 69-70, 69f, 70f, 71f","","","joncțiuni intercelulare","88","","","",""
"200",10134,"H1.00.01.1.02029","hemidesmosoma","Hemidesmosome","hemidesmozom","70","","","hemidesmozom","47","hemidesmozom","230, 233","",""
"201",10157,"H1.00.01.2.00015","nucleus pyknoticus","Pyknotic nucleus","nucleu picnotic","64, 64f","","","nucleu picnotic","57","","","",""
"202",10160,"H1.00.01.2.00018","nucleus sphericus","Spherical nucleus","nucleu sferic","66","","","nucleu sferic","176","","","",""
"203",10186,"H1.00.01.2.02004","chromatinum","Chromatin","cromatină","51f, 52f, 53f, 54-55, 55f","","","cromatină","40","","","",""
"204",10260,"H1.00.01.3.01042","ribosoma","Ribosome","ribozom","31, 33f","","","ribozom","32","","","",""
"205",10277,"H1.00.01.3.01059","lysosoma","Lysosome","lizozom","36-39, 38f, 39f, 40f","","","lizozom","32","","","",""
"206",10293,"H1.00.01.3.01071","telolysosoma ; corpusculum residuale","Telolysosome; Residual body","corp rezidual","38, 41f","","","corp rezidual","218, 223","","","",""
"207",10296,"H1.00.01.3.01074","peroxysoma","Peroxisome; Microbody","peroxizom ; microcorpuscul","40","","","peroxizom","149","","","",""
"208",10298,"H1.00.01.3.01076","matrix peroxysomatica","Peroxisomal matrix","matrice a peroxizomului","40","","","matrice a peroxizomului","149","","","",""
"209",10299,"H1.00.01.3.01077","exocytosis","Exocytosis","exocitoză","25, 27, 83","","","exocitoză","40","","","",""
"210",10309,"H1.00.01.3.01087","endocytosis","Endocytosis","endocitoză","25, 26-27, 27f","","","endocitoză","87","","","",""
"211",10331,"H1.00.01.3.01108","phagosoma","Phagosome","fagozom ; vacuolă de fagocitoză","27, 38","","","fagozom ; vacuolă de fagocitoză","253 ; 75","","","",""
"212",10335,"H1.00.01.3.01112","corpusculum residuale","Residual body","corp rezidual","38, 41f","","","corp rezidual","218, 223","","","",""
"213",10363,"H1.00.01.3.02011","cilium { vide paginam  }","Cilium {see page 3}","cil","43-44, 45f, 46f, 71, 73f","","","cil","29","","","",""
"214",10364,"H1.00.01.3.02012","flagellum {vide paginam }","Flagellum { see page 73}","flagel","42-43, 75","","","flagel","224","","","",""
"215",10370,"H1.00.01.3.02018","myosinum","Myosin","miozină","45","","","miozină","84","","","",""
"216",10396,"H1.00.02.1.00001","interphasis","INTERPHASE","interfază","57, 58, 59f, 60f, 62f","","","interfază","97","","","",""
"217",10422,"H1.00.02.3.00001","mitosis ; phasis m","MITOSIS; M PHASE","mitoză ; diviziune celulară","57-58, 58f, 59f, 60f","","","mitoză","189","mitoză ; fază M","143","",""
"218",10428,"H1.00.02.3.00007","prophasis","Prophase","profază","57, 58f, 59f, 60, 62f","","","profază","189","","","",""
"219",10432,"H1.00.02.3.00011","metaphasis","Metaphase","metafază","57-58, 58f, 59f, 60, 61f, 62f","","","metafază","191","","","",""
"220",10442,"H1.00.02.3.00021","chromosoma","Chromosome","cromozom","55, 56f, 57-58","","","cromozom","81","","","",""
"221",10531,"H2.00.00.0.00004","capsula","Capsule","capsulă","80, 314, 457","","","capsulă","52","","","",""
"222",10572,"H2.00.02.0.00001","textus epithelialis","Epithelial tissue","țesut epitelial","66-90, 66t","","","țesut epitelial","119","","","",""
"223",10573,"H2.00.02.0.00002","epithelium","Epithelium","epiteliu","73t, 74f, 75-77","","","epiteliu","28","","","epiteliu","31"
"224",10578,"H2.00.02.0.01003","polus apicalis ; apex cellularis","Apical pole; Cell apex","pol apical","66","","","pol apical","68","","","",""
"225",10579,"H2.00.02.0.01004","polus basalis ; basis cellularis","Basal pole; Cell base","pol bazal","66","","","pol bazal","68","","","",""
"226",10581,"H2.00.02.0.01006","facies apicalis","Apical surface; Apical aspect","suprafață apicală ; suprafață liberă","66, 68f","","","suprafață apicală","85","","","",""
"227",10624,"H2.00.02.0.02017","mesothelium","Mesothelium","mezoteliu","75, 75f","","","mezoteliu","28","","","",""
"228",10656,"H2.00.02.0.03002","glandula","Gland","glandă","79","","","glandă","66","","","",""
"229",10658,"H2.00.02.0.03004","secretio apocrina","Apocrine secretion","secreție apocrină","80","","","secreție apocrină","233","","","",""
"230",10661,"H2.00.02.0.03007","secretio exocrina","Exocrine secretion","secreție exocrină","80","","","secreție exocrină","111","","","",""
"231",10668,"H2.00.02.0.03014","glandula exocrina","Exocrine gland","glandă exocrină","79, 80, 80f","","","glandă exocrină","145","","","",""
"232",10670,"H2.00.02.0.03016","epitheliocytus caliciformis","Goblet cell","celulă caliciformă","78f, 83, 86f, 87f","","","celulă caliciformă","67","","","",""
"233",10676,"H2.00.02.0.03022","glandula tubulosa simplex","Simple tubular gland","glandă tubulară simplă","80, 80f","","","glandă tubulară simplă","137","","","",""
"234",10677,"H2.00.02.0.03023","glandula tubulosa ramosa","Branched tubular gland","glandă tubulară ramificată","80, 80f","","","glandă tubulară ramificată","126","","","",""
"235",10687,"H2.00.02.0.03033","glandula tubuloacinosa composita","Compound tubulo-acinar gland","glandă tubuloacinară compusă","80, 80f","","","glandă tubuloacinară compusă","112","","","",""
"236",10704,"H2.00.02.0.03050","acinus","Acinus","acin","317, 319, 370, 321","","","acin","113","","","",""
"237",10707,"H2.00.02.0.03053","myoepitheliocytus","Myoepithelial cell","celulă mioepitelială","77, 88, 88f","","","celulă mioepitelială","114","","","",""
"238",10713,"H2.00.02.0.03059","myoepitheliocytus","Myo-epithelial cell","celulă mioepitelială","77, 88, 88f","","","celulă mioepitelială","114","","","",""
"239",10726,"H2.00.02.0.03072","glandula endocrina","Endocrine gland","glandă endocrină","79-80, 392-417","","","glandă endocrină","165","","","",""
"240",10739,"H2.00.03.0.01006","plasmocytus","Plasmocyte; Plasma cell; Plasmacyte","plasmocit","35f, 99, 100f, 101f, 102f, 258, 260, 261f, 262f","","","plasmocit","53","","","",""
"241",10751,"H2.00.03.0.01014","cellula pigmentata","Pigmented cell","celulă pigmentară","43","","","celulă pigmentară","176","","","",""
"242",10758,"H2.00.03.0.02005","proteoglycanum","Proteoglycan","proteoglican","12, 91, 113-114, 113f, 114f, 114t","","","proteoglican","44","","","",""
"243",10759,"H2.00.03.0.02006","collagenum","Collagen","colagen","102-110, 103t","","","colagen","8","","","",""
"244",10760,"H2.00.03.0.02007","procollagenum","Procollagen","procolagen","105, 106f","","","procolagen","108","","","",""
"245",10765,"H2.00.03.0.03005","tropocollagenum","Tropocollagen","tropocolagen","104, 104f, 105, 105f, 106f","","","tropocolagen","108","","","",""
"246",10776,"H2.00.03.0.03009","elastinum","Elastin","elastină","102, 112, 112f","","","elastină","45","","","",""
"247",10941,"H2.00.04.1.00001","haemocyti","BLOOD CELLS","celule sanguine","223-237","","","celule sanguine","39","","","",""
"248",11036,"H2.00.04.3.03003","erythroblastus","Erythroblast","eritroblast","35f, 239f, 242, 243f, 244f","","","eritroblast","54","","","",""
"249",11092,"H2.00.05.0.00010","actinum","Actin","actină","44, 45","","","actină","32, 74","","","",""
"250",11099,"H2.00.05.0.00017","desminum","Desmin","desmină ; scheletină","45t, 47","","","desmină","58","","","",""
"251",11886,"H3.04.02.1.00013","myoepitheliocytus","Myo-epithelial cell","celulă mioepitelială","77, 88, 88f","","","celulă mioepitelială","114","","","",""
"252",11905,"H3.04.02.1.00032","granulum zymogeni","Zymogen granule","granulă de zimogen","42, 82, 84f, 85f","","","granulă de zimogen","113","","","",""
"253",11929,"H3.04.03.0.00007","glycocalyx","Glycocalyx","glicocalix ; înveliș celular","23f, 25, 70, 72f","","","glicocalix","30","","","",""
"254",12067,"H3.04.07.0.00007","granulum zymogeni","Zymogen granule","granulă de zimogen","42, 82, 84f, 85f","","","granulă de zimogen","113","","","",""
"255",12111,"H3.05.01.0.00013","myoepitheliocytus","Myoepithelial cell","celulă mioepitelială","77, 88, 88f","","","celulă mioepitelială","114","","","",""
"256",14103,"H3.12.00.1.03003","papilla","Papilla","papilă","360, 360f, 366","","","papilă","243","","","",""
"257",10035,"H1.00.01.0.00028","cellula precursoria","Stem cell","celulă stem","238-240, 239f, 239t","","","celulă stem","52","celulă stem ; celulă sușă ; precursor ; progenitor ; tulpină a altor tipuri de celule","147","",""
"258",10086,"H1.00.01.1.01015","kinocilium","Motile cilium","chinocil","471","","","kinocil","160","","","kinocil ; cil mobil","28, 28f, 32, 152"
"259",10096,"H1.00.01.1.01025","dyneinum","Dynein","dineină","44, 158","","","dineină","36","","","",""
"260",10142,"H1.00.01.2.00001","nucleus","NUCLEUS","nucleu","22, 51-65, 51f, 52f","","","nucleu","20","","","",""
"261",10187,"H1.00.01.2.02005","heterochromatinum","Heterochromatin","heterocromatină","52f, 54","","","heterocromatină","149","","","",""
"262",10217,"H1.00.01.3.01002","cytocentrum ; centrosoma","Cytocentre; Centrosome","centrozom","43, 47f, 47","","","centrozom","150","","","",""
"263",10274,"H1.00.01.3.01056","vesicula golgiensis","Golgi vesicle","veziculă de transport","36, 36f, 37f","","","veziculă golgiană","180","veziculă Golgi","118","",""
"264",10314,"H1.00.01.3.01092","phagocytosis","Phagocytosis","fagocitoză","27, 95b","","","fagocitoză","59","","","",""
"265",10355,"H1.00.01.3.02003","tubulinum","Tubulin","tubulină","42, 43f, 46f","","","tubulină","37","","","",""
"266",10361,"H1.00.01.3.02009","dyneinum","Dynein","dineină","44, 158","","","dineină","36","","","",""
"267",10384,"H1.00.01.3.02032","tonofilamentum","Tonofilament","tonofilament","361, 362f, 363, 363f","","","tonofilament","57","","","",""
"268",10385,"H1.00.01.3.02033","tonofibrilla","Tonofibril","tonofibrilă","266","","","tonofibrilă","114","","","",""
"269",10540,"H2.00.00.0.00013","hyperplasia","Hyperplasia","hiperplazie","183b","","","hiperplazie","120","","","",""
"270",10541,"H2.00.00.0.00014","hypertrophia","Hypertrophy","hipertrofie","183b, 198","","","hipertrofie","171","","","",""
"271",10545,"H2.00.00.0.00018","metaplasia","Metaplasia","metaplazie","81b, 277b","","","metaplazie","64","","","",""
"272",10736,"H2.00.03.0.01003","fibrocytus","Fibrocyte","fibrocit","91, 93b, 94f","","","fibrocit","78","","","",""
"273",10750,"H2.00.03.0.01013","myofibroblastus","Myofibroblast","miofibroblast","93b","","","miofibroblast","63","","","",""
"274",10756,"H2.00.03.0.02003","glycosaminoglycanum","Glycosaminoglycan","glicozaminoglican","12, 91, 113, 113f","","","glicozaminoglican","36","","","",""
"275",10793,"H2.00.03.1.01001","ligamenta","Ligaments","ligamente","435f, 284","","","ligamente","197","","","",""
"276",10807,"H2.00.03.5.00003","chondrocytus","Chondrocyte","condrocit","128, 130","","","condrocit","171","","","",""
"277",10829,"H2.00.03.5.00018","cartilago elastica","Elastic cartilage","cartilaj elastic","128, 132, 132f","","","cartilaj elastic","258","","","",""
"278",10830,"H2.00.03.5.00019","perichondrium","Perichondrium","pericondru","128, 129-130, 129f, 130f","","","pericondru","71","","","",""
"279",10843,"H2.00.03.7.00003","osteocytus","Osteocyte","osteocit","134, 134f, 135, 135f, 138, 139f","","","osteocit","109","","","",""
"280",10845,"H2.00.03.7.00005","osteoclastus","Osteoclast","osteoclast","97t, 134, 136, 136f, 137f","","","osteoclast","181","","","",""
"281",10902,"H2.00.03.7.01002","ossificatio","Ossification","osificare","141, 142f, 143, 143f","","","osificare","76","","","",""
"282",10947,"H2.00.04.1.01005","anisocytosis","Anisocytosis","anizocitoză","255b","","","anizocitoză","204","","","",""
"283",10956,"H2.00.04.1.02001","leucocytus","Leucocyte; White blood cell","leucocit ; globulă albă","102, 102f, 223, 223f, 224t, 226-235","","","leucocit","63","","","",""
"284",10958,"H2.00.04.1.02003","granulum azurophilum","Azurophilic granule","granulă azurofilă","224, 226, 228t","","","granulă azurofilă","52","","","",""
"285",10990,"H2.00.04.1.03001","thrombocytus","Platelet; Thrombocyte","plachetă ; trombocit","223, 224t, 236-237, 236f","","","plachetă ; trombocit","40, 44","","","",""
"286",11003,"H2.00.04.2.00004","chylomicron","Chylomicron","chilomicron","124, 125f, 323","","","chilomicron","136","","","",""
"287",11033,"H2.00.04.3.02027","sinusoideus ; sinus venularis","Sinusoid","sinusoid","324-325, 325f, 326f, 328, 328f","","","sinusoid ; sinus venos","48 ; 63","","","",""
"288",11042,"H2.00.04.3.04002","myeloblastus","Myeloblast","mieloblast","243f, 246f, 247, 249","","","mieloblast","64","","","",""
"289",11044,"H2.00.04.3.04004","myelocytus","Myelocyte","mielocit","239f, 246f, 247, 247f, 248f","","","mielocit","64","","","",""
"290",11057,"H2.00.04.3.05003","megakaryocytus","Megakaryocyte","megacariocit","92f, 236, 238, 239f, 242f, 244f, 250, 250f, 251f, 252f, 253f","","","megakariocit","64","","","",""
"291",11075,"H2.00.04.4.00002","medulla ossium","Bone marrow","măduvă osoasă","240-241, 241b, 241 f, 242f","","","măduvă osoasă","52","","","",""
"292",11078,"H2.00.04.4.00004","medulla ossium rubra","Red bone marrow; Haematopoietic bone marrow","măduvă osoasă hematogenă ; măduvă osoasă roşie","240, 241, 241f, 242f","","","măduvă osoasă hematogenă","51, 52","","","măduvă osoasă hematogenă","152"
"293",11087,"H2.00.05.0.00006","myofilamentum","Myofilament","miofilament","188f","","","miofilament","58","","","",""
"294",11088,"H2.00.05.0.00007","myofibrilla","Myofibril","miofibrilă","183f, 188f, 189, 189f, 193f","","","miofibrilă","42","","","",""
"295",11089,"H2.00.05.0.00008","sarcomerum ; myomerum","Sarcomere; Myomere","sarcomer","186, 187f, 188f","","","sarcomer","42","","","",""
"296",11108,"H2.00.05.0.00026","tropomyosinum","Tropomyosin","tropomiozină","190f, 191","","","tropomiozină","86","","","",""
"297",11125,"H2.00.05.1.00004","myofilamentum","Myofilament","miofilament","188f","","","miofilament","58","","","",""
"298",11188,"H2.00.05.2.03004","myoblastus","Myoblast","mioblast","182","","","mioblast","120","","","",""
"299",11215,"H2.00.06.1.00019","axoplasma","Axoplasm","axoplasmă","157, 158","","","axoplasmă","32","","","",""
"300",11305,"H2.00.06.2.00004","microglia","Microglia","microglie","97t, 162, 162f, 162t, 163f","","","nevroglie de tip microglial","32","","","microglie","152, 153, 165"
"301",11306,"H2.00.06.2.00004","vesicula synaptica ; vesicula presynaptica","Synaptic vesicle; Presynaptic vesicle","veziculă sinaptică","158f, 159, 160f","","","veziculă sinaptică","35","","","",""
"302",11813,"H3.04.01.1.00010","epithelium respiratorium","Respiratory epithelium","epiteliu respirator","77, 78f, 340-341, 341f, 342f, 343f","epiteliu respirator","150","epiteliu respirator","67","","","",""
"303",11877,"H3.04.02.1.00004","cellula dendritiformis","Dendritic cell","celulă dendritică","97t","","","celulă dendritică","55, 76, 121","","","",""
"304",12149,"H3.05.01.0.03001","trachea","Trachea","trahee","340f, 345, 345f","trahee","154","trahee","67","","","",""
"305",12161,"H3.05.01.0.03013","cartilagines tracheales","Tracheal cartilages","cartilaje traheale","345, 345f","","","cartilaje ale traheei","70","","","",""
"306",12163,"H3.05.01.0.03015","tunica adventitia","Adventitial layer","tunică adventice","206f, 207, 207f","","","adventice","70, 71","","","",""
"307",12165,"H3.05.01.0.04002","bronchus","Bronchus","bronhie","340f, 345, 346f, 347f, 348f","bronhie","158","bronhie","71, 72","","","",""
"308",12180,"H3.05.02.0.00005","bronchiolus","Bronchiole","bronhiolă","340f, 345-349, 348f, 351f, 352f","bronhiolă","158","bronhiolă","72, 73","","","",""
"309",12418,"H3.07.01.1.00001","ovarium","OVARY","ovar","435-440, 435f","","","ovar","189","","","",""
"310",12421,"H3.07.01.1.00004","tunica albuginea ovarii","Tunica albuginea","tunică albuginee ovariană","435, 436f, 438f","","","albuginee","189","","","",""
"311",12613,"H3.07.02.1.00006","tunica albuginea","Tunica albuginea","tunică albuginee","418, 418f, 419f","","","albuginee","222","","","",""
"312",12818,"H3.07.02.8.00001","penis","PENIS","penis","418f, 433, 433b, 433f","","","penis","235","","","",""
"313",12835,"H3.07.02.8.00018","corpus spongiosum penis","Corpus spongiosum of penis","corp spongios ; corp cavernos al uretrei","390, 418f, 433, 433f","","","corp spongios al penisului","235","","","",""
"314",12435,"H3.07.01.1.00015","folliculus ovaricus primarius","Primary ovarian follicle","folicul ovarian primar","436, 437f, 438f","folicul ovarian primar","373","folicul ovarian primar","189, 190","","","",""
"315",12440,"H3.07.01.1.00018","folliculus ovaricus secundarius","Secondary ovarian follicle","folicul ovarian secundar ; folicul ovarian antral ; folicul ovarian cavitar","437, 437f, 441f, 442f","folicul ovarian secundar ; folicul ovarian antral","373","folicul ovarian secundar ; folicul ovarian antral","189, 190","","","",""
"316",12460,"H3.07.01.1.00034","corona radiata","Corona radiata","corona radiata","437, 437f, 441f","corona radiata","374","corona radiata, coroană radiată","191, 192","","","",""
"317",12461,"H3.07.01.1.00035","oocytus secundarius","Secondary oocyte","ovocit secundar","439","ovocit secundar","374","ovocit secundar","191","","","",""
"318",12827,"H3.07.02.8.00010","corpus cavernosum penis","Corpus cavernosum of penis","corp cavernos al penisului","418f, 433, 433f","","","corp cavernos al penisului","235, 236","","","",""
"319",12828,"H3.07.02.8.00011","tunica albuginea corporis cavernosi","Tunica albuginea of corpus cavernosum","tunică albuginee a corpului cavernos","433, 433f","","","albuginee a corpului cavernos","235, 236","","","",""
"320",13263,"H3.10.03.0.04012","sinus marginalis ; sinus subcapsularis","Subcapsular sinus; Marginal sinus","sinus subcapsular","270f, 271, 271f","","","sinus subcapsular ; sinus marginal","61","","","",""
"321",13271,"H3.10.03.0.04020","sinus lymphaticus medullaris","Medullary sinus","sinus medular","271","","","sinus medular","61","","","",""
"322",10655,"H2.00.02.0.03001","epithelium glandulare","Glandular epithelium","epiteliu glandular","75, 77-80, 79f, 80f, 81f","","","epiteliu glandular","78","","","",""
"323",10046,"H1.00.01.0.00038","cellula dendritiformis","Dendritic cell; Branched cell","celulă dendritică","97t","","","celulă dendritică","55","","","",""
"324",10597,"H2.00.02.0.01021","serocytus","Serous cell","celulă seroasă","82-83, 83f, 84f, 85f","","","celulă seroasă","72","","","",""
"325",10869,"H2.00.03.7.00022","endosteum","41Endosteum","endost","134, 137, 138f","","","endost","52","","","",""
"326",11408,"H3.02.00.0.00001","juncturae","Joints","articulații","149-150, 151f, 152f","","","articulații","37","","","",""
"327",11436,"H3.02.00.0.02021","nucleus pulposus","Nucleus pulposus","nucleu pulpos","133, 150f","","","nucleu pulpos","8","","","",""
"328",11477,"H3.03.00.0.00008","fusus neuromuscularis","Muscle spindle","fus muscular","195, 195f","fus neuro-muscular","42","fus neuromuscular ; fus muscular","24 ; 35","fus neuromuscular","490-492","fus neuromuscular","126"
"329",11525,"H3.04.01.0.00011","glandula sebacea","Sebaceous gland","glandă sebacee","370-371, 370f, 371f","","","glandă sebacee","68","","","",""
"330",11552,"H3.04.01.0.00032","palatum molle ; velum palatinum","Soft palate","palat moale","282","","","palat moale","102","","","",""
"331",11559,"H3.04.01.0.00038","tela submucosa","Submucosa","submucoasă","281, 282f","","","submucoasă","105","","","",""
"332",11562,"H3.04.01.0.00041","gingiva","Gingiva; Gum","gingie","283, 285f, 287, 287b","","","gingie","107","","","",""
"333",11571,"H3.04.01.0.00050","sulcus gingivalis","Gingival sulcus; Gingival groove","șanț gingival","287, 287b","șanț gingival ; crevasă gingivală","231f ; 234","crevasă gingivală","110","","","",""
"334",11604,"H3.04.01.0.01003","glandula parotidea","Parotid gland","glandă parotidă","317, 318-310, 319f","","","glandă parotidă ; parotidă","111","","","",""
"335",11605,"H3.04.01.0.01004","glandula sublingualis","Sublingual gland","glandă sublinguală","317, 320, 321f","","","glandă sublinguală","112","","","",""
"336",11607,"H3.04.01.0.01006","glandulae salivariae minores","Minor salivary glands","glande salivare mici","320","","","glande salivare minore","103","","","",""
"337",11635,"H3.04.01.0.01028","mucocytus","Mucous cell","celulă mucoasă","83, 88f, 317, 318f, 319f, 320f","","","celulă mucoasă","72","","","",""
"338",11654,"H3.04.01.0.02002","corona dentis","Crown","coroană dentară","293, 295f","","","coroană dentară","103","","","",""
"339",11655,"H3.04.01.0.02003","cervix dentis","Neck; Cervix","col dentar","284","","","colet ; gât al dintelui","107","","","",""
"340",11657,"H3.04.01.0.02005","cavitas dentis ; cavitas pulparis","Pulp cavity","cavitate pulpară","284","","","cameră pulpară","107","","","",""
"341",11660,"H3.04.01.0.02008","canalis radicis dentis","Root canal; Pulp canal","canal radicular","283, 285f","","","canal radicular","107","","","",""
"342",11662,"H3.04.01.0.02010","foramen apicis dentis","Apical foramen","orificiu apical ; foramen apical","284, 285f","","","foramen apical","107","","","",""
"343",11663,"H3.04.01.0.02011","enamelum","Enamel","smalț","284-285, 285f, 286f","","","smalț","107","","","",""
"344",11677,"H3.04.01.0.02025","dentinum","Dentine","dentină","284, 284b, 285f, 286f, 288f","","","dentină","107","","","",""
"345",11678,"H3.04.01.0.02026","tubulus dentini ; canaliculus dentini","Dentinal tubule","canalicul dentinar","284, 287f","","","tubul dentinal","108","","","",""
"346",11680,"H3.04.01.0.02028","processus dentinoblasti ; processus odontoblasti","Odontoblast process","proces odontoblastic ; fibră Tomes","284, 285, 287f","","","proces odontoblastic","108","","","",""
"347",11694,"H3.04.01.0.02042","predentinum","Predentine","predentină","284, 286f","","","predentină","108","","","",""
"348",11701,"H3.04.01.0.02049","cementum","Cement","cement","284-286, 285f, 286b, 289f","","","cement","107","","","",""
"349",11712,"H3.04.01.0.02060","pulpa dentis","Dental pulp","pulpă dentară","285, 285f, 288f","","","pulpă dentară","107","","","",""
"350",11732,"H3.04.01.0.02080","alveolus dentalis","Tooth alveolus; Tooth socket","alveolă dentară","283, 285f, 287","","","alveolă dentară","102","","","",""
"351",12296,"H3.06.00.1.00035","diaphragma rimae","Slit diaphragm","diafragmă a fantei de filtrare","213, 216f, 373, 379f","","","diafragm al fantei de filtrare","85","","","",""
"352",12965,"H3.08.02.5.00001","glandula parathyroideaglandula parathyroidea","PARATHYROID GLAND","glandă paratiroidă","415-416, 415f, 416b, 416f","","","glandă paratiroidă","181","","","",""
"353",13935,"H3.11.09.3.01001","labyrinthus osseus","Bony labyrinth","labirint osos","470f, 471","","","labirint osos","260","","","",""
"354",13939,"H3.11.09.3.01005","perilympha","Perilymph","perilimfă","471, 472","","","perilimfă","260","","","",""
"355",13941,"H3.11.09.3.01007","lamina spiralis cochleae","Osseous spiral lamina","lamă osoasă spirală","471, 473f","","","lamă osoasă spirală","260","","","",""
"356",13942,"H3.11.09.3.01008","modiolus cochleae","Modiolus","modiol ; columelă","471","","","modiol","260","","","",""
"357",13946,"H3.11.09.3.02003","endolympha","Endolymph","endolimfă","471, 473","","","endolimfă","260","","","",""
"358",11325,"H2.00.06.2.00019","pars postsynaptica","Postsynaptic region","componentă postsinaptică","159","","","componentă postsinaptică","47","","","",""
"359",11606,"H3.04.01.0.01005","glandula submandibularis","Submandibular gland","glandă submandibulară ; glandă submaxilară","317","","","glandă submandibulară","112","","","",""
"360",12152,"H3.05.01.0.03004","corpus neuroepitheliale","Neuroepithelial body","corpuscul neuroepitelial","349","","","corp neuroepitelial","77","","","",""
"361",13071,"H3.09.02.0.00001","vasa sanguinea et lymphatica","Blood and lymph vessels","vase sangvine și limfatice","205, 255f","vase sangvine și limfatice","13","vase sanguine și limfatice","40","","","vase sanghine și limfatice","21"
"362",10600,"H2.00.02.0.01024","endocrinocytus","Endocrine cell","celulă endocrină","395f","","","celulă endocrină","58","","","",""
"363",10605,"H2.00.02.0.02001","epithelium superficiale","Surface epithelium","epiteliu de acoperire","73t, 74f, 75-77","","","epiteliu de acoperire","65","epiteliu de acoperire","205","",""
"364",10626,"H2.00.02.0.02019","epithelium simplex cuboideum","Simple cuboidal epithelium","epiteliu simplu cubic ; epiteliu unistratificat cubic","73t, 74f, 75, 76","","","epiteliu simplu cubic","29","","","epiteliu simplu cubic ; epiteliu simplu prismatic jos","31"
"365",10627,"H2.00.02.0.02020","epithelium simplex columnare","Simple columnar epithelium","epiteliu simplu cilindric ; epiteliu unistratificat cilindric","73t, 74f, 75, 76","","","epiteliu simplu columnar","29","epiteliu simplu columnar","206, 210","epiteliu simplu cilindric ; epiteliu simplu prismatic înalt","31"
"366",10628,"H2.00.02.0.02021","epithelium pseudostratificatum columnare","Pseudostratified columnar epithelium","epiteliu pseudostratificat cilindric","74f, 77, 78f","","","epiteliu pseudostratificat columnar","68","epiteliu pseudostratificat columnar","210, 211","epiteliu pseudostratificat cilindric","32f"
"367",10632,"H2.00.02.0.02025","epithelium stratificatum squamosum non cornificatum","Nonkeratinized stratified squamous epithelium","epiteliu stratificat pavimentos necheratinizat","73t, 74f, 75-77, 77f","","","epiteliu stratificat scuamos necheratinizat","65, 66","","","epiteliu stratificat pavimentos fără keratinizare ; epiteliu stratificat pavimentos nekeratinizat ; epiteliu stratificat scuamos fără keratinizare ; epiteliu stratificat scuamos nekeratinizat","33"
"368",12092,"H3.05.00.0.00004","epithelium pseudostratificatum columnare ciliatum","Pseudostratified ciliated columnar epithelium","epiteliu pseudostratificat cilindric ciliat","77, 78f, 340, 341f, 342f, 343f","","","epiteliu pseudostratificat columnar ciliat","68","","","",""
"369",12764,"H3.07.02.4.03011","granulum lipofuscini","Lipofuscin granule","granulă de lipofuscină","41f (2-27)","","","granulă de lipofuscină","253","","","",""
"370",13081,"H3.09.02.0.01002","arteria","Artery","arteră","205","","","arteră","45","","","",""
"371",13082,"H3.09.02.0.01003","tunica intima ; tunica interna","Intima","intimă ; tunică intimă","206f, 207, 207f","","","intimă","44","","","",""
"372",13083,"H3.09.02.0.01004","endothelium vasculare","Vascular endothelium","endoteliu vascular","205, 206, 206f, 207f","","","endoteliu vascular","40, 44","","","",""
"373",14075,"H3.12.00.1.01008","stratum basale","Stratum basale; Basal cell layer; Stratum germinativum","strat bazal ; strat germinativ","360f, 361","","","strat bazal ; strat germinativ","237","","","",""
"374",10026,"H1.00.01.0.00019","cellula multinucleata","Multinucleate cell","celulă multinucleată","95b, 97t, 98f","","","celulă multinucleată","201","","","",""
"375",12422,"H3.07.01.1.00005","cortex ovarii","Ovarian cortex","corticală ovariană","435, 436f, 438f","","","corticală ovariană; cortex ovarian","189, 190","","","",""
"376",12423,"H3.07.01.1.00006","stroma ovarii","Ovarian stroma","stromă ovariană","435","","","stromă ovariană","193","","","",""
"377",12425,"H3.07.01.1.00008","medulla ovarii","Ovarian medulla","zonă medulară a ovarului","435, 436f","","","medulară ovariană","190","","","",""
"378",12428,"H3.07.01.1.00011","folliculus ovaricus primordialis","Primordial ovarian follicle","folicul ovarian primordial","436, 436f, 437f, 438f","","","folicul ovarian primordial","190","","","",""
"379",12436,"H3.07.01.1.00016","zona pellucida ; capsula pellucida","Zona pellucida","zona pellucida","436, 437f, 439f, 440f, 441f","","","zona pellucida","191","","","",""
"380",12444,"H3.07.01.1.00021","theca folliculi","Follicular theca","teacă foliculară","437, 441f","","","teacă foliculară","191","","","",""
"381",12448,"H3.07.01.1.00024","epitheliocytus granularis ; folliculocytus granularis","Granulosa cell","celulă granuloasă ; celulă foliculară","435, 436, 437f, 438","","","celulă granuloasă ; celulă foliculară","191","","","",""
"382",12451,"H3.07.01.1.00027","liquor follicularis","Follicular fluid","lichid folicular","437","","","lichid folicular","191","","","",""
"383",12458,"H3.07.01.1.00032","folliculus ovaricus maturus","Mature ovarian follicle; Preovulatory follicle","folicul ovarian matur ; folicul preovulator ; folicul de Graaf","436f, 437, 437f","","","folicul ovarian matur ; folicul ovarian terțiar ; folicul de Graaf","190","","","",""
"384",12459,"H3.07.01.1.00033","cumulus oophorus","Cumulus oophorus","cumulus oophorus ; disc proliger","437, 437f, 441f","","","cumulus oophorus","191","","","",""
"385",12465,"H3.07.01.1.00039","corpus luteum","Corpus luteum","corp galben","435f, 436f, 439-440, 443f, 444f","","","corp luteal ; corp galben","192","","","",""
"386",12469,"H3.07.01.1.00043","granulosoluteocytus","Granulosa lutein cell","celulă granuloasă luteală","439, 443f","","","celulă granuloasă luteală","192","","","",""
"387",12470,"H3.07.01.1.00044","thecaluteocytus","Theca lutein cell; Paraluteal cell","celulă luteală tecală","439, 443f","","","celulă luteală tecală","193","","","",""
"388",12472,"H3.07.01.1.00046","corpus albicans","Corpus albicans","corp alb","436f, 440, 445f","","","corp albicans","193","","","",""
"389",13178,"H3.10.01.0.00001","textus lymphoideus","Lymphoid tissue","țesut limfoid","263, 263f","","","țesut limfoid","54","","","",""
"390",13183,"H3.10.02.0.02001","thymus","Thymus","timus","255f, 257, 257f, 266-268, 267f, 268f, 269f","","","timus","56","","","",""
"391",13243,"H3.10.03.0.03003","textus lymphoideus adjunctus broncho","Bronchus associated lymphoid tissue [BALT]","țesut limfoid bronşic","347f, 348f, 350f, 359b","","","țesut limfoid asociat bronşiilor","76","","","",""
"392",13245,"H3.10.03.0.03005","textus lymphoideus adjunctus mucosae","Mucosa associated lymphoid tissue [MALT]","țesut limfoid asociat mucoaselor","254, 263-266, 264f, 265f","","","țesut limfoid asociat mucoaselor","51","","","",""
"393",13283,"H3.10.03.0.05005","trabecula splenica","Splenic trabecula","trabeculă splenică","274, 275f","","","trabecul splenic","63","","","",""
"394",13286,"H3.10.03.0.05008","pulpa alba","White pulp","pulpă albă","274, 274-275, 275f, 276f","","","pulpă albă","63","","","",""
"395",13287,"H3.10.03.0.05009","zona marginalis pulpae albae","Marginal zone of white pulp","zonă marginală a pulpei albe","275, 275f","","","zonă marginală a pulpei albe","63","","","",""
"396",13292,"H3.10.03.0.05014","pulpa rubra","Red pulp","pulpă roșie","274-277, 275f, 276f, 277f, 278f, 279f","","","pulpă roșie","63","","","",""
"397",13295,"H3.10.03.0.05017","arteriola penicillaris","Penicillar arteriole","arteriolă penicilată","275, 275f","","","arteriolă penicilată","64","","","",""
"398",13302,"H3.10.03.0.05024","chorda splenica","Splenic cord; Red pulp cord","cordon splenic ; cordon Billroth","274, 275, 277, 277f, 278f, 279f","","","cordon splenic ; cordon Billroth","63","","","",""
"399",13305,"H3.10.03.0.06001","tonsilla","Tonsil","amigdală","255f, 263-266, 267f","","","amigdală","65","","","",""
"400",13687,"H3.11.08.0.00002","bulbus oculi","Eyeball","glob ocular","456-467 457f, 458f","","","glob ocular","250","","","",""
"401",13690,"H3.11.08.1.01001","sclera","Sclera","sclerotică","456, 457f, 458f","","","scleră","250","","","",""
"402",13699,"H3.11.08.1.02001","cornea","Cornea","cornee","456-457, 457f, 459f","","","cornee","250","","","",""
"403",13711,"H3.11.08.2.01001","choroidea","Choroid","coroidă","456, 457f, 458f, 459","","","coroidă","250","","","",""
"404",13723,"H3.11.08.2.02001","corpus ciliare","Ciliary body","corp ciliar","456, 457f, 458f, 459-460, 459f","","","corp ciliar","250","","","",""
"405",13726,"H3.11.08.2.02004","processus ciliaris","Ciliary process","proces ciliar","458f, 459f, 460-461, 460f","","","proces ciliar","250","","","",""
"406",13728,"H3.11.08.2.02006","ora serrata","Ora serrata","ora serrata","456, 457f, 458f","","","ora serrata","251","","","",""
"407",13730,"H3.11.08.2.02008","m. ciliaris","Ciliary muscle","mușchi ciliar","458f, 459-460","","","mușchi ciliar","252","","","",""
"408",13736,"H3.11.08.2.02014","epithelium pigmentosum","Pigmented epithelium","epiteliu pigmentar","457f, 458f, 463, 464f, 468f","","","epiteliu pigmentar","253","","","",""
"409",13738,"H3.11.08.2.03001","iris","Iris","iris","456, 457f, 458f, 461, 461f","","","iris","250","","","",""
"410",13748,"H3.11.08.2.03011","m. sphincter pupillae","Sphincter pupillae","mușchi sfincter pupilar ; mușchi constrictor pupilar","461, 461f","","","sfincter al pupilei","252","","","",""
"411",13750,"H3.11.08.2.03013","pigmentocytus","Pigment cell","celulă pigmentară","461","","","celulă pigmentară","253","","","",""
"412",13751,"H3.11.08.2.03014","m. dilatator pupillae","Dilator pupillae","mușchi dilatator pupilar","461, 461f","","","dilatator pupilar","252","","","",""
"413",13754,"H3.11.08.3.01001","retina","Retina","retină","458f, 462-467, 463f, 464f, 465f, 466f, 467f, 468f","","","retină","250","","","",""
"414",13770,"H3.11.08.3.01017","stratum plexiforme externum","Outer plexiform layer","strat plexiform extern","463, 464f, 465f","","","strat plexiform extern","254","","","",""
"415",13772,"H3.11.08.3.01019","stratum plexiforme internum","Inner plexiform layer","strat plexiform intern","463, 464f, 465f","","","strat plexiform intern","254","","","",""
"416",13776,"H3.11.08.3.01023","macula lutea","Macula","maculă","457f","","","maculă","256","","","",""
"417",13783,"H3.11.08.3.01030","neuron bacilliferum","Rod cell","celulă cu bastonaș","458f, 463-464, 463f, 464,  464f, 465f, 466f, 467f","","","celulă cu bastonaș","254","","","",""
"418",13799,"H3.11.08.3.01046","neuron coniferum","Cone cell","celulă cu con","458f, 463-465, 463f, 464f, 465f, 466f, 467f","","","celulă cu conuri","254","","","",""
"419",13833,"H3.11.08.3.01080","neuron amacrinum","Amacrine cell","celulă amacrină","464f, 466","","","celulă amacrină","254","","","",""
"420",13853,"H3.11.08.4.00001","lens","LENS","cristalin","456, 457f. 458f, 462. 462b, 462f","","","cristalin","250","","","",""
"421",13869,"H3.11.08.5.00002","humor aquosus","Aqueous humor","umoare apoasă","456, 461","","","umoare apoasă","250","","","",""
"422",13870,"H3.11.08.5.00003","camera anterior","Anterior chamber","cameră anterioară","456, 457f, 458f, 461","","","cameră anterioară","250","","","",""
"423",13871,"H3.11.08.5.00004","camera posterior","Posterior chamber","cameră posterioară","456, 457f, 458f","","","cameră posterioară","250","","","",""
"424",13872,"H3.11.08.5.00005","camera postrema ; camera vitrea","Postremal chamber; Vitreous chamber","spațiu vitros","456","","","spațiu vitros","250","","","",""
"425",13880,"H3.11.08.6.01001","palpebrae","Eyelids","pleoape","467-468, 469f","","","pleoape","257","","","",""
"426",14068,"H3.12.00.1.01001","epidermis","Epidermis","epiderm","360, 360-366, 360f","","","epiderm","237","","","",""
"427",14071,"H3.12.00.1.01004","stratum corneum","Stratum corneum; Horny layer","strat cornos","360f, 363","","","strat cornos","237","","","",""
"428",14072,"H3.12.00.1.01005","stratum lucidum","Stratum lucidum","strat lucidum","360f, 363","","","strat lucid","237","","","",""
"429",14073,"H3.12.00.1.01006","stratum granulosum","Stratum granulosum","strat granulos","360f, 361, 363","","","strat granulos","237","","","",""
"430",14074,"H3.12.00.1.01007","stratum spinosum","Stratum spinosum","strat spinos","360f, 361, 362f, 363f","","","strat spinos","237","","","",""
"431",14078,"H3.12.00.1.01011","tonofibrilla","Tonofibril","tonofibrilă","266","","","tonofibrilă","114","","","",""
"432",14079,"H3.12.00.1.01012","tonofilamentum","Tonofilament","tonofilament","361, 362f, 363, 363f","","","tonofilament","104, 190","","","",""
"433",14083,"H3.12.00.1.01016","granulum keratohyalini","Keratohyaline granule","granulă de cheratohialină","361, 363","","","granulă de keratohialin","239","","","",""
"434",14084,"H3.12.00.1.01017","filamentum keratini","Keratin filament","filament de cheratină","45-47, 45t, 48f","","","filament de keratină","241","","","filament de keratină","33"
"435",14101,"H3.12.00.1.03001","dermis ; corium","Dermis; Corium","derm","360, 361f, 366-367, 366f","","","derm","242","","","",""
"436",14102,"H3.12.00.1.03002","stratum papillare","Papillary dermis","strat papilar","366-367","","","derm papilar","242","","","",""
"437",14104,"H3.12.00.1.03004","stratum reticulare","Reticular dermis","strat reticular","367","","","derm reticular","242","","","",""
"438",14123,"H3.12.00.3.01001","pilus","Hair","fir de păr","368-370, 369f, 370f","","","fir de păr","243","","","",""
"439",14142,"H3.12.00.3.01020","bulbus pili","Hair bulb","bulb al firului de păr","368-369, 369f","","","bulb pilos","242","","","",""
"440",14156,"H3.12.00.3.01034","folliculus pili","Hair follicle","folicul pilos","368, 369f, 370f","","","folicul pilos","242","","","",""
"441",14176,"H3.12.00.3.02001","unguis","Nail","unghie","370","","","unghie","244","","","",""
"442",14183,"H3.12.00.3.02008","eponychium","Eponychium; Cuticle","cuticulă ; eponichiu","370","","","cuticulă","244","","","",""
"443",14184,"H3.12.00.3.02009","lectulus","Nail bed","pat unghial","370","","","pat unghial","244","","","",""
"444",14195,"H3.12.00.3.02020","matrix unguis","Nail matrix","matrice unghială","370","","","matrice unghială","244","","","",""
"445",14223,"H3.12.00.3.03020","sebum","Sebum","sebum","370-371, 371b","","","sebum","244","","","",""
"446",10942,"H2.00.04.1.01001","erythrocytus","Erythrocyte","eritrocit ; globulă roșie","92f, 223, 223f, 224-226, 224t, 225f","","","eritrocit ; hematie","64 ; 96","","","",""
"447",11799,"H3.04.01.0.04006","nodulus lymphoideus","Lymphoid nodule; Lymphoid follicle","nodul limfoid ; folicul limfoid","263","","","folicul limfoid","54","","","",""
"448",12981,"H3.08.02.6.00012","corticosterocytus spongiosus","Spongy cortical adrenalocyte","spongiocit","402","","","spongiocit","184","","","",""
"449",12990,"H3.08.02.7.00001","insula pancreatica","PANCREATIC ISLET","insulă Langerhans","321, 407-411, 407f, 408f, 409f, 410f","","","insulă Langerhans ; insulă pancreatică","159, 161","","","insulă pancreatică","61"
"450",12999,"H3.08.02.8.00008","glomus caroticum","Carotid glomus","corp carotidian","209","","","corp carotidian","46","","","",""
"451",13050,"H3.09.01.0.05012","nodus sinuatrialis","Sinu-atrial node","nodul sinoatrial","217-219, 219f","","","nod sino-atrial","42","","","nodul sinoatrial","130"
"452",13052,"H3.09.01.0.05014","nodus atrioventricularis","Atrioventricular node","nodul atrioventricular","217-219, 219f","","","nod atrio-ventricular","42","","","nodul atrioventricular","130"
"453",13104,"H3.09.02.0.02001","vas capillare","Capillary vessel","capilar","205, 212-215, 215f, 216f, 217f","","","capilar ; vas capilar","47","","","",""
"454",13155,"H3.09.02.0.05004","vas lymphocapillare","Lymphatic capillary","capilar limfatic","205, 218f, 221, 221f","","","capilar limfatic","50","","","",""
"455",13251,"H3.10.03.0.04001","nodus lymphoideus ; nodus lymphaticus: lymphonodus","Lymph node","ganglion limfatic","219, 255f, 269-274, 270f","","","limfonodul ; ganglion limfatic","59","","","",""
"456",13257,"H3.10.03.0.04006","cortex","Cortex","corticală","270f, 271, 271f","","","corticală","60","","","",""
"457",13701,"H3.11.08.1.02003","lamina limitans anterior","Anterior limiting membrane","membrană Bowman","456, 459f","","","membrană Bowman","251","","","",""
"458",13704,"H3.11.08.1.02006","lamina limitans posterior","Posterior limiting membrane","membrană Descemet","457","","","membrană Descemet","251","","","",""
"459",13713,"H3.11.08.2.01003","lamina suprachoroidea","Suprachoroidal lamina","membrană supracoroidală","456, 459","","","lamina supracoroidală","251","","","",""
"460",13716,"H3.11.08.2.01006","lamina choroidocapillaris","Choroidocapillary lamina","strat coriocapilar","459, 466b","","","strat coriocapilar","251","","","",""
"461",13717,"H3.11.08.2.01007","complexus basalis","Basal complex","membrană Bruch","459","","","membrană Bruch","251","","","",""
"462",13768,"H3.11.08.3.01015","stratum limitans externum","Outer limiting membrane; Outer limiting layer","membrană limitantă externă","464, 464f, 465f","","","membrană limitantă externă","254","","","",""
"463",13775,"H3.11.08.3.01022","stratum limitans internum","Inner limiting membrane; Inner limiting layer","membrană limitantă internă","464f, 465f","","","membrană limitantă internă","254","","","",""
"464",14143,"H3.12.00.3.01021","papilla dermalis pili","Dermal papilla; Papilla of hair follicle","papilă dermică","368, 369f","","","papilă dermală a foliculului pilos","243","","","",""
"465",10079,"H1.00.01.1.01012","limbus microvillosus ; limbus penicillatus ; limbus striatus","Microvillous border; Brush border; Striated border","margine în perie ; margine striată","70, 72f, 86f","","","","","margine în perie ; margine striată ; platou striat","81, 247, 250 ; 247, 248 ; 80","margine în perie, platou striat","27"
"466",10637,"H2.00.02.0.02030","epithelium stratificatum squamosum cornificatum {vide etiam epidermis paginam }","Keratinized stratified squamous epithelium {see also Epidermis page 119}","epiteliu stratificat pavimentos cheratinizat","73t, 75","","","epiteliu stratificat scuamos keratinizat","106","","","epiteliu stratificat pavimentos cu keratinizare ; epiteliu stratificat pavimentos keratinizat ; epiteliu stratificat scuamos cu keratinizare ; epiteliu stratificat scuamos keratinizat","33"
"467",10638,"H2.00.02.0.02031","epithelium stratificatum cuboideum","Stratified cuboidal epithelium","epiteliu stratificat cubic","73t ; 483","","","epiteliu stratificat cubic","114","","","epiteliu stratificat cubic ; epiteliu stratificat prismatic jos","32, 34"
"468",10639,"H2.00.02.0.02032","epithelium stratificatum columnare","Stratified columnar epithelium","epiteliu stratificat cilindric","73t, 77","","","epiteliu stratificat columnar","100","","","epiteliu stratificat cilindric ; epiteliu stratificat prismatic înalt","32, 34"
"469",10674,"H2.00.02.0.03020","glandula simplex","Simple gland","glandă simplă","80, 80f","","","glandă simplă","116","","","",""
"470",10675,"H2.00.02.0.03021","glandula tubulosa","Tubular gland","glandă tubulară","80, 80f","","","glandă tubulară","116","","","",""
"471",10679,"H2.00.02.0.03025","glandula acinosa","Acinar gland","glandă acinară","80, 80f","","","glandă acinară","249","","","",""
"472",10961,"H2.00.04.1.02005","lymphocytus b","B Lymphocyte","limfocit B","224t, 257, 258, 260, 261f, 262f","","","limfocit B","58","","","",""
"473",10964,"H2.00.04.1.02007","lymphocytus t","T Lymphocyte","limfocit T","224t, 257, 258, 260, 261f, 262f","","","limfocit T","55","","","",""
"474",12009,"H3.04.05.0.00009","canaliculus bilifer","Bile canaliculus","canalicul biliar","325f, 328-329, 331f, 332f, 333f, 336","","","canalicul biliar","144","","","",""
"475",12014,"H3.04.05.0.00013","cellula perisinusoidalis ; cellula accumulans adipem","Perisinusoidal cell; Fat storing cell; Hepatic stellate cell [HSC]","adipocit hepatic ; celulă stelată ; celulă Ito","326, 326b","","","celulă perisinusoidală ; celulă Ito-Nemoto","148","","","",""
"476",12015,"H3.04.05.0.00014","vas sinusoideum","Sinusoid","sinusoid","324-325, 325f, 326f, 328, 328f","","","sinusoid","144","","","",""
"477",12019,"H3.04.05.0.00018","spatium portale","Portal area; Portal canal; Portal zone","spațiu portal","324, 326f","","","spațiu port","144","","","",""
"478",12068,"H3.04.07.0.00008","cellula centroacinosa","Centroacinar cell","celulă centroacinară","321, 321f, 322f","","","celulă centroacinară","160","","","",""
"479",12069,"H3.04.07.0.00009","ductus intercalatus","Intercalated duct","canalicul intercalat","321-322, 321f, 322f","","","duct intercalat","160","","","",""
"480",12070,"H3.04.07.0.00010","ductus intralobularis","Intralobular duct","canalicul intralobular","322","","","duct intralobular","160","","","",""
"481",12071,"H3.04.07.0.00011","ductus interlobularis","Interlobular duct","canalicul interlobular","321","","","duct interlobular","160","","","",""
"482",13209,"H3.10.02.0.02025","cellula t adjuvans","Helper T cell; Th cell","limfocit T helper","258, 260, 261f, 262f","","","limfocit T helper","59","","","",""
"483",13902,"H3.11.09.0.00001","auris","Ear","ureche","469-471, 470f","","","ureche","258","","","",""
"484",13904,"H3.11.09.1.00001","auris externa","EXTERNAL EAR","ureche externă","469, 470f","","","ureche externă","258","","","",""
"485",13910,"H3.11.09.2.00001","auris media","MIDDLE EAR","ureche medie","469-470, 470f","","","ureche medie","258","","","",""
"486",13917,"H3.11.09.2.01007","membrana tympanica","Tympanic membrane","membrană timpanică ; timpan","469, 470f, 474","","","membrană timpanică ; timpan","258","","","",""
"487",13931,"H3.11.09.2.03007","epithelium pseudostratificatum","Pseudostratified epithelium","epiteliu pseudostratificat","73t, 74f, 77, 78f","","","epiteliu pseudostratificat","114","","","",""
"488",13934,"H3.11.09.3.00001","auris interna","INTERNAL EAR","ureche internă","469, 470f, 471, 473f","","","ureche internă","258","","","",""
"489",13944,"H3.11.09.3.02001","labyrinthus membranaceus","Membranous labyrinth","labirint membranos","470f, 471-473, 471f, 472f, 473f, 474f","","","labirint membranos","258","","","",""
"490",13948,"H3.11.09.3.03002","vestibulocytus ; cellula sensoria pilosa","Vestibular hair cell; Vestibular sensory cell","celulă păroasă ; celulă receptoare","471, 471f, 472-473, 473f, 474, 474f","","","celulă păroasă ; celulă receptoare","259","","","",""
"491",13959,"H3.11.09.3.03013","macula sacculi","Macula of saccule","maculă a saculei","471, 471f, 472f, 473","","","maculă a saculei","259","","","",""
"492",13960,"H3.11.09.3.03014","macula utriculi","Macula of utricule","maculă a utriculei","471, 471f, 472f, 473","","","maculă a utriculei","259","","","",""
"493",13966,"H3.11.09.3.03020","crista ampullaris","Crista ampullaris","creastă ampulară","471, 472f","","","cristă ampulară","260","","","",""
"494",13972,"H3.11.09.3.03026","saccus endolymphaticus","Endolymphatic sac","sac endolimfatic","470f, 471-472","","","sac endolimfatic","259","","","",""
"495",13995,"H3.11.09.3.04019","lamina basilaris","Basilar membrane","membrană bazilară","472, 473f, 474","","","membrană bazilară","260","","","",""
"496",14004,"H3.11.09.3.04028","membrana tectoria","Tectorial membrane","membrană tectoria","472, 473f, 474","","","membrană tectoria","260","","","",""
"497",14005,"H3.11.09.3.04029","membrana vestibularis","Vestibular membrane","membrană vestibulară ; membrană Reissner","472, 473f, 474","","","membrană vestibulară ; membrană vestibulară Reissner","260","","","",""
"498",14041,"H3.11.09.3.04065","cochleocytus externus","Outer hair cell","celulă păroasă externă","472, 473, 473f, 474f","","","celulă păroasă externă","261","","","",""
"499",14229,"H3.12.00.4.00005","glandula mammaria","Mammary gland","glandă mamară","452-454, 452f, 453f, 454f","","","glandă mamară","188","","","",""
"500",14230,"H3.12.00.4.00006","lobus mammae","Lobe","lob","452, 452f, 453","","","lob","213","","","",""
